index,model,feature_type,feature_value,lambda_type,lambda_value,rmse
0,krr,M,0.5,normal_lambda,1,6.9325071986140605
1,krr,M,0.5,cv_lambda,1,6.9325071986140605
2,krr,M,0.6,normal_lambda,1,7.058601490877926
3,krr,M,0.6,cv_lambda,5,6.777460011461417
4,krr,M,0.7,normal_lambda,1,7.204916997572734
5,krr,M,0.7,cv_lambda,5,6.840999422236985
6,krr,M,0.7999999999999999,normal_lambda,1,7.3235808779246385
7,krr,M,0.7999999999999999,cv_lambda,5,6.89765801190695
8,krr,M,0.8999999999999999,normal_lambda,1,7.276889588598089
9,krr,M,0.8999999999999999,cv_lambda,10,6.868334977101254
10,krr,M,0.9999999999999999,normal_lambda,1,6.954164785406767
11,krr,M,0.9999999999999999,cv_lambda,10,6.884969137551477
12,krr,M,1.0999999999999999,normal_lambda,1,6.568350839663005
13,krr,M,1.0999999999999999,cv_lambda,0.1,6.296117456660651
14,krr,M,1.1999999999999997,normal_lambda,1,6.35840779314842
15,krr,M,1.1999999999999997,cv_lambda,0.1,6.30426891713689
16,krr,M,1.2999999999999998,normal_lambda,1,6.284554248894616
17,krr,M,1.2999999999999998,cv_lambda,0.1,6.371162177160202
18,krr,M,1.4,normal_lambda,1,6.274449950741476
19,krr,M,1.4,cv_lambda,1,6.274449950741476
20,krr,M,1.4999999999999998,normal_lambda,1,6.3010938142257995
21,krr,M,1.4999999999999998,cv_lambda,1,6.3010938142257995
22,krr,M,1.5999999999999996,normal_lambda,1,6.33858334572478
23,krr,M,1.5999999999999996,cv_lambda,1,6.33858334572478
24,krr,M,1.6999999999999997,normal_lambda,1,6.363710913253678
25,krr,M,1.6999999999999997,cv_lambda,1,6.363710913253678
26,krr,M,1.7999999999999998,normal_lambda,1,6.368784843571633
27,krr,M,1.7999999999999998,cv_lambda,1,6.368784843571633
28,krr,M,1.8999999999999997,normal_lambda,1,6.357455423248346
29,krr,M,1.8999999999999997,cv_lambda,1,6.357455423248346
30,krr,M,1.9999999999999996,normal_lambda,1,6.337808017057517
31,krr,M,1.9999999999999996,cv_lambda,1,6.337808017057517
32,krr,M,2.0999999999999996,normal_lambda,1,6.3150928415291645
33,krr,M,2.0999999999999996,cv_lambda,5,6.33449362901428
34,krr,M,2.1999999999999997,normal_lambda,1,6.296507033454159
35,krr,M,2.1999999999999997,cv_lambda,5,6.321195034120636
36,krr,M,2.3,normal_lambda,1,6.294226457601795
37,krr,M,2.3,cv_lambda,10,6.317532507875577
38,krr,M,2.3999999999999995,normal_lambda,1,6.307404758401954
39,krr,M,2.3999999999999995,cv_lambda,100,6.332094097000219
40,krr,M,2.4999999999999996,normal_lambda,1,6.345941663435726
41,krr,M,2.4999999999999996,cv_lambda,100,6.32943265645927
42,krr,M,2.5999999999999996,normal_lambda,1,6.433347800266505
43,krr,M,2.5999999999999996,cv_lambda,100,6.322200286375665
44,krr,M,2.6999999999999993,normal_lambda,1,6.557147387327202
45,krr,M,2.6999999999999993,cv_lambda,100,6.316525184772678
46,krr,M,2.7999999999999994,normal_lambda,1,6.67121623048425
47,krr,M,2.7999999999999994,cv_lambda,1000,6.3533253369695055
48,krr,M,2.8999999999999995,normal_lambda,1,6.747774984371539
49,krr,M,2.8999999999999995,cv_lambda,1000,6.345056250656254
50,krr,M,2.9999999999999996,normal_lambda,1,6.790408944132781
51,krr,M,2.9999999999999996,cv_lambda,1000,6.337531452688728
52,krr,M,3.0999999999999996,normal_lambda,1,6.807187731776391
53,krr,M,3.0999999999999996,cv_lambda,1000,6.3357535092455555
54,krr,M,3.1999999999999993,normal_lambda,1,6.819768354358995
55,krr,M,3.1999999999999993,cv_lambda,10000,6.400570486838543
56,krr,M,3.2999999999999994,normal_lambda,1,6.8818939612986965
57,krr,M,3.2999999999999994,cv_lambda,10000,6.38298201265282
58,krr,M,3.3999999999999995,normal_lambda,1,6.993677775554031
59,krr,M,3.3999999999999995,cv_lambda,10000,6.371422048893274
60,krr,M,3.499999999999999,normal_lambda,1,7.053799602509855
61,krr,M,3.499999999999999,cv_lambda,10000,6.369050133125168
62,krr,M,3.599999999999999,normal_lambda,1,7.03804386097415
63,krr,M,3.599999999999999,cv_lambda,10000,6.377080223575924
64,krr,M,3.6999999999999993,normal_lambda,1,7.065531545099558
65,krr,M,3.6999999999999993,cv_lambda,10000,6.390221806165804
66,krr,M,3.7999999999999994,normal_lambda,1,7.22456683901812
67,krr,M,3.7999999999999994,cv_lambda,10000,6.400944504291595
68,krr,M,3.8999999999999995,normal_lambda,1,7.561608874087533
69,krr,M,3.8999999999999995,cv_lambda,10000,6.412642264242412
70,krr,M,3.999999999999999,normal_lambda,1,8.203210333583566
71,krr,M,3.999999999999999,cv_lambda,10000,6.443418229558217
72,krr,M,4.1,normal_lambda,1,9.346167845935453
73,krr,M,4.1,cv_lambda,10000,6.510591178040357
74,krr,M,4.199999999999999,normal_lambda,1,10.937374292674168
75,krr,M,4.199999999999999,cv_lambda,10000,6.61299120100178
76,krr,M,4.299999999999999,normal_lambda,1,12.593548051520518
77,krr,M,4.299999999999999,cv_lambda,10000,6.732155958832752
78,krr,M,4.399999999999999,normal_lambda,1,14.037752803231346
79,krr,M,4.399999999999999,cv_lambda,10000,6.847077689653997
80,krr,M,4.499999999999999,normal_lambda,1,15.323857663445562
81,krr,M,4.499999999999999,cv_lambda,10000,6.945223563295204
82,krr,M,4.599999999999999,normal_lambda,1,16.698476425254064
83,krr,M,4.599999999999999,cv_lambda,10000,7.025696079731879
84,krr,M,4.699999999999999,normal_lambda,1,18.207895644047717
85,krr,M,4.699999999999999,cv_lambda,10000,7.093641040885334
86,krr,M,4.799999999999999,normal_lambda,1,19.489811817927613
87,krr,M,4.799999999999999,cv_lambda,10000,7.144525384209543
88,krr,M,4.899999999999999,normal_lambda,1,20.229469891893377
89,krr,M,4.899999999999999,cv_lambda,10000,7.156802797487278
90,krr,M,4.999999999999999,normal_lambda,1,20.810227962020384
91,krr,M,4.999999999999999,cv_lambda,10000,7.126252335364583
92,krr,M,5.099999999999999,normal_lambda,1,22.132067620650616
93,krr,M,5.099999999999999,cv_lambda,10000,7.127534967421322
94,krr,M,5.199999999999999,normal_lambda,1,24.522880933128075
95,krr,M,5.199999999999999,cv_lambda,10000,7.301697316615516
96,krr,M,5.299999999999999,normal_lambda,1,28.147345212402588
97,krr,M,5.299999999999999,cv_lambda,10000,7.714713603598282
98,krr,M,5.399999999999999,normal_lambda,1,34.57339617773258
99,krr,M,5.399999999999999,cv_lambda,10000,8.279312078775186
100,krr,M,5.499999999999999,normal_lambda,1,45.83523675104855
101,krr,M,5.499999999999999,cv_lambda,10000,8.914941490694805
102,krr,M,5.599999999999999,normal_lambda,1,63.81296327270055
103,krr,M,5.599999999999999,cv_lambda,10000,9.70287089427113
104,krr,M,5.699999999999999,normal_lambda,1,90.12433566897882
105,krr,M,5.699999999999999,cv_lambda,1000,19.822764858481403
106,krr,M,5.799999999999999,normal_lambda,1,125.71983731348945
107,krr,M,5.799999999999999,cv_lambda,10000,12.393505642173094
108,krr,M,5.899999999999999,normal_lambda,1,173.1179186926254
109,krr,M,5.899999999999999,cv_lambda,10000,14.483804612011207
110,krr,M,5.999999999999999,normal_lambda,1,235.98672164972533
111,krr,M,5.999999999999999,cv_lambda,10000,17.11062837858065
112,krr,M,6.099999999999999,normal_lambda,1,324.12854987325824
113,krr,M,6.099999999999999,cv_lambda,10000,20.224440836368327
114,krr,M,6.199999999999998,normal_lambda,1,432.6123437861974
115,krr,M,6.199999999999998,cv_lambda,10000,23.5102294329705
116,krr,M,6.299999999999999,normal_lambda,1,532.9479413343659
117,krr,M,6.299999999999999,cv_lambda,10000,26.252322310660645
118,krr,M,6.399999999999999,normal_lambda,1,583.5164877001486
119,krr,M,6.399999999999999,cv_lambda,10000,27.596730849188475
120,krr,M,6.499999999999998,normal_lambda,1,556.0096512838932
121,krr,M,6.499999999999998,cv_lambda,10000,27.119530442873426
122,krr,M,6.599999999999999,normal_lambda,1,501.6434590437419
123,krr,M,6.599999999999999,cv_lambda,10000,25.261185881660957
124,krr,M,6.699999999999998,normal_lambda,1,703.8446004977957
125,krr,M,6.699999999999998,cv_lambda,10000,23.526290794968855
126,krr,M,6.799999999999999,normal_lambda,1,1287.6648227532987
127,krr,M,6.799999999999999,cv_lambda,10000,24.186857676714162
128,krr,M,6.899999999999999,normal_lambda,1,1997.9063540799616
129,krr,M,6.899999999999999,cv_lambda,10000,28.425073841378488
130,krr,M,6.999999999999998,normal_lambda,1,3037.061862877317
131,krr,M,6.999999999999998,cv_lambda,10000,34.61146883074105
132,krr,M,7.099999999999999,normal_lambda,1,4448.7690182456145
133,krr,M,7.099999999999999,cv_lambda,10000,40.18727263131532
134,krr,M,7.199999999999998,normal_lambda,1,6536.2487157672895
135,krr,M,7.199999999999998,cv_lambda,10000,45.55369451242024
136,krr,M,7.299999999999999,normal_lambda,1,7328.495171621316
137,krr,M,7.299999999999999,cv_lambda,10000,55.00287396869531
138,krr,M,7.399999999999999,normal_lambda,1,7380.272160488121
139,krr,M,7.399999999999999,cv_lambda,10000,71.67648217565771
140,krr,M,7.499999999999998,normal_lambda,1,5597.06051800735
141,krr,M,7.499999999999998,cv_lambda,10000,96.34966111716682
142,krr,M,7.599999999999999,normal_lambda,1,9013.64025519422
143,krr,M,7.599999999999999,cv_lambda,10000,130.36212946005628
144,krr,M,7.699999999999998,normal_lambda,1,10517.432368483296
145,krr,M,7.699999999999998,cv_lambda,10000,174.73843921145718
146,krr,M,7.799999999999998,normal_lambda,1,7535.199441204679
147,krr,M,7.799999999999998,cv_lambda,10000,228.91432832603155
148,krr,M,7.899999999999999,normal_lambda,1,5075.6167487646335
149,krr,M,7.899999999999999,cv_lambda,10000,293.73786270163407
150,krr,M,7.999999999999998,normal_lambda,1,9975.100106852797
151,krr,M,7.999999999999998,cv_lambda,10000,380.86503443084416
152,krr,M,8.099999999999998,normal_lambda,1,9202.378162249275
153,krr,M,8.099999999999998,cv_lambda,10000,518.1758874681893
154,krr,M,8.2,normal_lambda,1,6882.5139346439855
155,krr,M,8.2,cv_lambda,10000,739.4876302937957
156,krr,M,8.299999999999997,normal_lambda,1,7173.429940934497
157,krr,M,8.299999999999997,cv_lambda,10000,1046.5192215635595
158,krr,M,8.399999999999999,normal_lambda,1,4360.365993086255
159,krr,M,8.399999999999999,cv_lambda,10000,1423.2864085331296
160,krr,M,8.499999999999998,normal_lambda,1,7100.122754425399
161,krr,M,8.499999999999998,cv_lambda,10000,1857.3997266393667
162,krr,M,8.599999999999998,normal_lambda,1,2650.9258132742025
163,krr,M,8.599999999999998,cv_lambda,10000,2293.4332696367264
164,krr,M,8.699999999999998,normal_lambda,1,5413.714665392632
165,krr,M,8.699999999999998,cv_lambda,10000,2756.0417425616783
166,krr,M,8.799999999999999,normal_lambda,1,3944.1960197791523
167,krr,M,8.799999999999999,cv_lambda,10000,3258.9825057489043
168,krr,M,8.899999999999999,normal_lambda,1,3317.692857910744
169,krr,M,8.899999999999999,cv_lambda,10000,3265.948053598331
170,krr,M,8.999999999999998,normal_lambda,1,5878.453160257696
171,krr,M,8.999999999999998,cv_lambda,10000,3523.2352456814965
172,krr,M,9.099999999999998,normal_lambda,1,3888.5662736324903
173,krr,M,9.099999999999998,cv_lambda,10000,3756.3178454480294
174,krr,M,9.199999999999998,normal_lambda,1,4672.50045785312
175,krr,M,9.199999999999998,cv_lambda,10000,3821.1970654938104
176,krr,M,9.299999999999997,normal_lambda,1,4387.490611142765
177,krr,M,9.299999999999997,cv_lambda,10000,3942.539604696133
178,krr,M,9.399999999999999,normal_lambda,1,3476.4263647699477
179,krr,M,9.399999999999999,cv_lambda,10000,3580.550701997992
180,krr,M,9.499999999999998,normal_lambda,1,4453.4267850295355
181,krr,M,9.499999999999998,cv_lambda,10000,4031.4898237331263
182,krr,M,9.599999999999998,normal_lambda,1,4085.2031485592533
183,krr,M,9.599999999999998,cv_lambda,10000,4330.561863512124
184,krr,M,9.699999999999998,normal_lambda,1,5045.129783774236
185,krr,M,9.699999999999998,cv_lambda,10000,4746.8481900093275
186,krr,M,9.799999999999997,normal_lambda,1,4051.633235207828
187,krr,M,9.799999999999997,cv_lambda,10000,4023.9286568762873
188,krr,M,9.899999999999999,normal_lambda,1,4258.35280262425
189,krr,M,9.899999999999999,cv_lambda,1000,4268.393020545006
190,svr,M,0.5,normal_lambda,1,33.46289030654181
191,svr,M,0.5,cv_lambda,10000,30.36937651764245
192,svr,M,0.6,normal_lambda,1,33.441299989399255
193,svr,M,0.6,cv_lambda,10000,30.37076474504411
194,svr,M,0.7,normal_lambda,1,33.25749057559767
195,svr,M,0.7,cv_lambda,10000,30.373259825199174
196,svr,M,0.7999999999999999,normal_lambda,1,33.097898695491324
197,svr,M,0.7999999999999999,cv_lambda,10000,30.37768557753251
198,svr,M,0.8999999999999999,normal_lambda,1,32.97153346939401
199,svr,M,0.8999999999999999,cv_lambda,10000,30.385453778115693
200,svr,M,0.9999999999999999,normal_lambda,1,32.79659901365039
201,svr,M,0.9999999999999999,cv_lambda,10000,30.39897273284921
202,svr,M,1.0999999999999999,normal_lambda,1,33.01631332425824
203,svr,M,1.0999999999999999,cv_lambda,10000,30.42233561495918
204,svr,M,1.1999999999999997,normal_lambda,1,33.23744402885068
205,svr,M,1.1999999999999997,cv_lambda,10000,30.46248038055311
206,svr,M,1.2999999999999998,normal_lambda,1,33.59331629004688
207,svr,M,1.2999999999999998,cv_lambda,10000,30.531148481932618
208,svr,M,1.4,normal_lambda,1,33.72276891673446
209,svr,M,1.4,cv_lambda,10000,30.641538972967254
210,svr,M,1.4999999999999998,normal_lambda,1,34.21768748130541
211,svr,M,1.4999999999999998,cv_lambda,10000,30.81631399496719
212,svr,M,1.5999999999999996,normal_lambda,1,35.16167781746949
213,svr,M,1.5999999999999996,cv_lambda,10000,31.059120780765486
214,svr,M,1.6999999999999997,normal_lambda,1,35.68227903112677
215,svr,M,1.6999999999999997,cv_lambda,10000,31.494134377989095
216,svr,M,1.7999999999999998,normal_lambda,1,36.434137330868545
217,svr,M,1.7999999999999998,cv_lambda,10000,32.116168180586115
218,svr,M,1.8999999999999997,normal_lambda,1,36.494541746567606
219,svr,M,1.8999999999999997,cv_lambda,10000,32.66323535027762
220,svr,M,1.9999999999999996,normal_lambda,1,36.98278704028966
221,svr,M,1.9999999999999996,cv_lambda,10000,33.238472742297894
222,svr,M,2.0999999999999996,normal_lambda,1,37.339048048518684
223,svr,M,2.0999999999999996,cv_lambda,10000,33.36420304673873
224,svr,M,2.1999999999999997,normal_lambda,1,37.61632645720726
225,svr,M,2.1999999999999997,cv_lambda,10000,33.728923623928345
226,svr,M,2.3,normal_lambda,1,38.19445688582018
227,svr,M,2.3,cv_lambda,10000,33.73936791953851
228,svr,M,2.3999999999999995,normal_lambda,1,38.48305585967431
229,svr,M,2.3999999999999995,cv_lambda,100,35.749792609045016
230,svr,M,2.4999999999999996,normal_lambda,1,38.60222295809033
231,svr,M,2.4999999999999996,cv_lambda,100,36.19168803078884
232,svr,M,2.5999999999999996,normal_lambda,1,39.26972306042684
233,svr,M,2.5999999999999996,cv_lambda,100,36.58577326767759
234,svr,M,2.6999999999999993,normal_lambda,1,40.02775397370246
235,svr,M,2.6999999999999993,cv_lambda,1000,35.611077823314176
236,svr,M,2.7999999999999994,normal_lambda,1,39.34030553620089
237,svr,M,2.7999999999999994,cv_lambda,1000,35.849853533534436
238,svr,M,2.8999999999999995,normal_lambda,1,38.802684260194575
239,svr,M,2.8999999999999995,cv_lambda,1000,36.26634106512332
240,svr,M,2.9999999999999996,normal_lambda,1,38.378485098265415
241,svr,M,2.9999999999999996,cv_lambda,10000,35.303692902981005
242,svr,M,3.0999999999999996,normal_lambda,1,38.17155151156809
243,svr,M,3.0999999999999996,cv_lambda,10000,35.573348633461194
244,svr,M,3.1999999999999993,normal_lambda,1,38.11956855102409
245,svr,M,3.1999999999999993,cv_lambda,10000,35.797452796159824
246,svr,M,3.2999999999999994,normal_lambda,1,37.6519391897088
247,svr,M,3.2999999999999994,cv_lambda,10000,36.09266182441094
248,svr,M,3.3999999999999995,normal_lambda,1,37.40287865136702
249,svr,M,3.3999999999999995,cv_lambda,10000,36.43406144232869
250,svr,M,3.499999999999999,normal_lambda,1,37.32014939837391
251,svr,M,3.499999999999999,cv_lambda,10000,37.17766297239427
252,svr,M,3.599999999999999,normal_lambda,1,37.4402685587665
253,svr,M,3.599999999999999,cv_lambda,10000,37.37447289368299
254,svr,M,3.6999999999999993,normal_lambda,1,36.8224762232851
255,svr,M,3.6999999999999993,cv_lambda,10000,37.33643693859239
256,svr,M,3.7999999999999994,normal_lambda,1,36.51738151094021
257,svr,M,3.7999999999999994,cv_lambda,0.1,34.936909499823145
258,svr,M,3.8999999999999995,normal_lambda,1,36.103405036220856
259,svr,M,3.8999999999999995,cv_lambda,0.1,34.89159092757866
260,svr,M,3.999999999999999,normal_lambda,1,35.39056037510776
261,svr,M,3.999999999999999,cv_lambda,1,35.39056037510776
262,svr,M,4.1,normal_lambda,1,34.88277409614628
263,svr,M,4.1,cv_lambda,0.1,32.99152523797418
264,svr,M,4.199999999999999,normal_lambda,1,34.16292815792105
265,svr,M,4.199999999999999,cv_lambda,1,34.16292815792105
266,svr,M,4.299999999999999,normal_lambda,1,33.62720911297154
267,svr,M,4.299999999999999,cv_lambda,1,33.62720911297154
268,svr,M,4.399999999999999,normal_lambda,1,32.88587086455014
269,svr,M,4.399999999999999,cv_lambda,1,32.88587086455014
270,svr,M,4.499999999999999,normal_lambda,1,33.1100414214584
271,svr,M,4.499999999999999,cv_lambda,5,33.58182643522276
272,svr,M,4.599999999999999,normal_lambda,1,33.596763116256554
273,svr,M,4.599999999999999,cv_lambda,5,32.95485041583632
274,svr,M,4.699999999999999,normal_lambda,1,34.01254007375307
275,svr,M,4.699999999999999,cv_lambda,10,32.933582390954946
276,svr,M,4.799999999999999,normal_lambda,1,33.0897649218891
277,svr,M,4.799999999999999,cv_lambda,10,33.109891648456916
278,svr,M,4.899999999999999,normal_lambda,1,33.228095580836104
279,svr,M,4.899999999999999,cv_lambda,100,33.8436934972389
280,svr,M,4.999999999999999,normal_lambda,1,32.14410537275226
281,svr,M,4.999999999999999,cv_lambda,100,33.05539712759379
282,svr,M,5.099999999999999,normal_lambda,1,35.93391571994177
283,svr,M,5.099999999999999,cv_lambda,100,33.08586437753492
284,svr,M,5.199999999999999,normal_lambda,1,31.207131873080378
285,svr,M,5.199999999999999,cv_lambda,100,33.14566594446171
286,svr,M,5.299999999999999,normal_lambda,1,28.09978801630925
287,svr,M,5.299999999999999,cv_lambda,1000,33.7672467733609
288,svr,M,5.399999999999999,normal_lambda,1,35.58331031130251
289,svr,M,5.399999999999999,cv_lambda,1000,33.372152135946045
290,svr,M,5.499999999999999,normal_lambda,1,37.53713790306389
291,svr,M,5.499999999999999,cv_lambda,1000,33.24973552392725
292,svr,M,5.599999999999999,normal_lambda,1,40.390284317764525
293,svr,M,5.599999999999999,cv_lambda,1000,33.00185563344007
294,svr,M,5.699999999999999,normal_lambda,1,44.57724556017291
295,svr,M,5.699999999999999,cv_lambda,1000,32.54404715697653
296,svr,M,5.799999999999999,normal_lambda,1,51.37073955931697
297,svr,M,5.799999999999999,cv_lambda,10000,33.657009974511155
298,svr,M,5.899999999999999,normal_lambda,1,64.94647009488736
299,svr,M,5.899999999999999,cv_lambda,10000,33.5604115653814
300,svr,M,5.999999999999999,normal_lambda,1,74.08030655185
301,svr,M,5.999999999999999,cv_lambda,10000,33.02413199034129
302,svr,M,6.099999999999999,normal_lambda,1,123.22779385805657
303,svr,M,6.099999999999999,cv_lambda,10000,32.27122172965885
304,svr,M,6.199999999999998,normal_lambda,1,182.3346211456637
305,svr,M,6.199999999999998,cv_lambda,10000,31.514031939249918
306,svr,M,6.299999999999999,normal_lambda,1,261.33413297026397
307,svr,M,6.299999999999999,cv_lambda,10000,29.942663083224673
308,svr,M,6.399999999999999,normal_lambda,1,550.7561622885701
309,svr,M,6.399999999999999,cv_lambda,10000,30.161666575336575
310,svr,M,6.499999999999998,normal_lambda,1,829.4083169464143
311,svr,M,6.499999999999998,cv_lambda,10000,34.59161471336925
312,svr,M,6.599999999999999,normal_lambda,1,636.7752399151432
313,svr,M,6.599999999999999,cv_lambda,10000,35.48415825101302
314,svr,M,6.699999999999998,normal_lambda,1,450.60974998316334
315,svr,M,6.699999999999998,cv_lambda,10000,43.41847054219528
316,svr,M,6.799999999999999,normal_lambda,1,566.52874006759
317,svr,M,6.799999999999999,cv_lambda,10000,40.28357359434689
318,svr,M,6.899999999999999,normal_lambda,1,665.1658546230402
319,svr,M,6.899999999999999,cv_lambda,10000,36.853444511630954
320,svr,M,6.999999999999998,normal_lambda,1,794.3791082702958
321,svr,M,6.999999999999998,cv_lambda,10000,28.214957139045524
322,svr,M,7.099999999999999,normal_lambda,1,969.8139121507702
323,svr,M,7.099999999999999,cv_lambda,10000,34.13827504819768
324,svr,M,7.199999999999998,normal_lambda,1,1365.179051622726
325,svr,M,7.199999999999998,cv_lambda,10000,40.539626837861036
326,svr,M,7.299999999999999,normal_lambda,1,1951.1767327965251
327,svr,M,7.299999999999999,cv_lambda,100,452.58756965214724
328,svr,M,7.399999999999999,normal_lambda,1,6405.630381149258
329,krr,sigma,1.0,normal_lambda,1,4.516149375236762
330,krr,sigma,1.0,cv_lambda,0.1,6.856655502806526
331,krr,sigma,2.0,normal_lambda,1,6.726383758203673
332,krr,sigma,2.0,cv_lambda,0.1,6.668340965546368
333,krr,sigma,3.0,normal_lambda,1,6.410751364362333
334,krr,sigma,3.0,cv_lambda,0.1,6.321567485424615
335,krr,sigma,4.0,normal_lambda,1,6.389808440790088
336,krr,sigma,4.0,cv_lambda,0.1,6.19390093527863
337,krr,sigma,5.0,normal_lambda,1,6.485363090763978
338,krr,sigma,5.0,cv_lambda,0.1,6.1597613544766805
339,krr,sigma,6.0,normal_lambda,1,6.588198856025663
340,krr,sigma,6.0,cv_lambda,0.1,6.165531885455932
341,krr,sigma,7.0,normal_lambda,1,6.651636000242325
342,krr,sigma,7.0,cv_lambda,0.1,6.209598884509435
343,krr,sigma,8.0,normal_lambda,1,6.676323735870282
344,krr,sigma,8.0,cv_lambda,0.1,6.287476304658208
345,krr,sigma,9.0,normal_lambda,1,6.676347128119591
346,krr,sigma,9.0,cv_lambda,0.1,6.385226188486774
347,krr,sigma,10.0,normal_lambda,1,6.663981596956495
348,krr,sigma,10.0,cv_lambda,0.1,6.48567645176276
349,krr,sigma,11.0,normal_lambda,1,6.647095009199238
350,krr,sigma,11.0,cv_lambda,0.1,6.575836121001561
351,krr,sigma,12.0,normal_lambda,1,6.6301433799744425
352,krr,sigma,12.0,cv_lambda,0.1,6.649416159162018
353,krr,sigma,13.0,normal_lambda,1,6.6154453522987025
354,krr,sigma,13.0,cv_lambda,0.1,6.70536401312941
355,krr,sigma,14.0,normal_lambda,1,6.604074660316817
356,krr,sigma,14.0,cv_lambda,0.1,6.745430906480132
357,krr,sigma,15.0,normal_lambda,1,6.596401321218698
358,krr,sigma,15.0,cv_lambda,0.1,6.772364178579667
359,krr,sigma,16.0,normal_lambda,1,6.592405432757754
360,krr,sigma,16.0,cv_lambda,0.1,6.788940566564075
361,krr,sigma,17.0,normal_lambda,1,6.591857583042411
362,krr,sigma,17.0,cv_lambda,0.1,6.797573469803327
363,krr,sigma,18.0,normal_lambda,1,6.594423244280931
364,krr,sigma,18.0,cv_lambda,0.1,6.800218929381648
365,krr,sigma,19.0,normal_lambda,1,6.599723823001154
366,krr,sigma,19.0,cv_lambda,0.1,6.798408280516484
367,krr,sigma,20.0,normal_lambda,1,6.607372596419443
368,krr,sigma,20.0,cv_lambda,0.1,6.793320731176211
369,krr,sigma,21.0,normal_lambda,1,6.616995734590947
370,krr,sigma,21.0,cv_lambda,0.1,6.785858497751216
371,krr,sigma,22.0,normal_lambda,1,6.628244217167115
372,krr,sigma,22.0,cv_lambda,0.1,6.77671132359123
373,krr,sigma,23.0,normal_lambda,1,6.640800050383089
374,krr,sigma,23.0,cv_lambda,0.1,6.766407693361941
375,krr,sigma,24.0,normal_lambda,1,6.65437885563084
376,krr,sigma,24.0,cv_lambda,0.1,6.755353982449315
377,krr,sigma,25.0,normal_lambda,1,6.66873013988842
378,krr,sigma,25.0,cv_lambda,0.1,6.743863855325809
379,krr,sigma,26.0,normal_lambda,1,6.683636106902035
380,krr,sigma,26.0,cv_lambda,0.1,6.73218019291393
381,krr,sigma,27.0,normal_lambda,1,6.698909587369405
382,krr,sigma,27.0,cv_lambda,0.1,6.7204914453760045
383,krr,sigma,28.0,normal_lambda,1,6.714391483156311
384,krr,sigma,28.0,cv_lambda,0.1,6.708943876302035
385,krr,sigma,29.0,normal_lambda,1,6.72994799576687
386,krr,sigma,29.0,cv_lambda,0.1,6.69765079086873
387,krr,sigma,30.0,normal_lambda,1,6.745467821591649
388,krr,sigma,30.0,cv_lambda,0.1,6.686699547335892
389,krr,sigma,31.0,normal_lambda,1,6.760859433749307
390,krr,sigma,31.0,cv_lambda,0.1,6.676156931816426
391,krr,sigma,32.0,normal_lambda,1,6.776048525268071
392,krr,sigma,32.0,cv_lambda,0.1,6.6660733161752095
393,krr,sigma,33.0,normal_lambda,1,6.790975656141524
394,krr,sigma,33.0,cv_lambda,0.1,6.656485903625351
395,krr,sigma,34.0,normal_lambda,1,6.8055941241093025
396,krr,sigma,34.0,cv_lambda,0.1,6.647421284068506
397,krr,sigma,35.0,normal_lambda,1,6.8198680634215565
398,krr,sigma,35.0,cv_lambda,0.1,6.638897462167892
399,krr,sigma,36.0,normal_lambda,1,6.8337707655079765
400,krr,sigma,36.0,cv_lambda,0.1,6.6309254788318
401,krr,sigma,37.0,normal_lambda,1,6.847283208981916
402,krr,sigma,37.0,cv_lambda,0.1,6.623510716277073
403,krr,sigma,38.0,normal_lambda,1,6.860392782691753
404,krr,sigma,38.0,cv_lambda,0.1,6.616653954723082
405,krr,sigma,39.0,normal_lambda,1,6.873092183767296
406,krr,sigma,39.0,cv_lambda,0.1,6.610352232589183
407,krr,sigma,40.0,normal_lambda,1,6.885378472182921
408,krr,sigma,40.0,cv_lambda,0.1,6.604599550123566
409,krr,sigma,41.0,normal_lambda,1,6.897252263815928
410,krr,sigma,41.0,cv_lambda,0.1,6.599387447482943
411,krr,sigma,42.0,normal_lambda,1,6.908717044985522
412,krr,sigma,42.0,cv_lambda,0.1,6.594705481572598
413,krr,sigma,43.0,normal_lambda,1,6.919778592777826
414,krr,sigma,43.0,cv_lambda,0.1,6.590541620840545
415,krr,sigma,44.0,normal_lambda,1,6.9304444869294235
416,krr,sigma,44.0,cv_lambda,0.1,6.586882573283731
417,krr,sigma,45.0,normal_lambda,1,6.940723700543858
418,krr,sigma,45.0,cv_lambda,0.1,6.5837140598718555
419,krr,sigma,46.0,normal_lambda,1,6.950626258379076
420,krr,sigma,46.0,cv_lambda,0.1,6.581021043189792
421,krr,sigma,47.0,normal_lambda,1,6.96016295282382
422,krr,sigma,47.0,cv_lambda,0.1,6.578787919211835
423,krr,sigma,48.0,normal_lambda,1,6.969345108952171
424,krr,sigma,48.0,cv_lambda,0.1,6.576998678609367
425,krr,sigma,49.0,normal_lambda,1,6.978184391196635
426,krr,sigma,49.0,cv_lambda,0.1,6.575637042791635
427,krr,sigma,50.0,normal_lambda,1,6.986692645208369
428,krr,sigma,50.0,cv_lambda,0.1,6.574686578908036
429,krr,sigma,51.0,normal_lambda,1,6.994881769382589
430,krr,sigma,51.0,cv_lambda,0.1,6.574130797261287
431,krr,sigma,52.0,normal_lambda,1,7.002763611324576
432,krr,sigma,52.0,cv_lambda,0.1,6.573953233948015
433,krr,sigma,53.0,normal_lambda,1,7.010349885226327
434,krr,sigma,53.0,cv_lambda,0.1,6.574137521034265
435,krr,sigma,54.0,normal_lambda,1,7.017652106725282
436,krr,sigma,54.0,cv_lambda,0.1,6.574667446156943
437,krr,sigma,55.0,normal_lambda,1,7.024681542335701
438,krr,sigma,55.0,cv_lambda,0.1,6.575527003109174
439,krr,sigma,56.0,normal_lambda,1,7.0314491709884015
440,krr,sigma,56.0,cv_lambda,0.1,6.57670043469274
441,krr,sigma,57.0,normal_lambda,1,7.037965655596592
442,krr,sigma,57.0,cv_lambda,0.1,6.578172268903221
443,krr,sigma,58.0,normal_lambda,1,7.04424132289074
444,krr,sigma,58.0,cv_lambda,0.1,6.579927349331248
445,krr,sigma,59.0,normal_lambda,1,7.0502861500434415
446,krr,sigma,59.0,cv_lambda,0.1,6.5819508605226655
447,krr,sigma,60.0,normal_lambda,1,7.056109756840825
448,krr,sigma,60.0,cv_lambda,0.1,6.584228348919263
449,krr,sigma,61.0,normal_lambda,1,7.061721402357258
450,krr,sigma,61.0,cv_lambda,0.1,6.586745739909031
451,krr,sigma,62.0,normal_lambda,1,7.067129985259962
452,krr,sigma,62.0,cv_lambda,0.1,6.589489351437616
453,krr,sigma,63.0,normal_lambda,1,7.072344047013328
454,krr,sigma,63.0,cv_lambda,0.1,6.592445904569265
455,krr,sigma,64.0,normal_lambda,1,7.077371777374313
456,krr,sigma,64.0,cv_lambda,0.1,6.59560253133472
457,krr,sigma,65.0,normal_lambda,1,7.082221021672347
458,krr,sigma,65.0,cv_lambda,0.1,6.5989467801622945
459,krr,sigma,66.0,normal_lambda,1,7.086899289453628
460,krr,sigma,66.0,cv_lambda,0.1,6.602466619152952
461,krr,sigma,67.0,normal_lambda,1,7.09141376414227
462,krr,sigma,67.0,cv_lambda,0.1,6.606150437432366
463,krr,sigma,68.0,normal_lambda,1,7.095771313431768
464,krr,sigma,68.0,cv_lambda,0.1,6.609987044788834
465,krr,sigma,69.0,normal_lambda,1,7.0999785001716935
466,krr,sigma,69.0,cv_lambda,0.1,6.613965669784921
467,krr,sigma,70.0,normal_lambda,1,7.1040415935574
468,krr,sigma,70.0,cv_lambda,0.1,6.618075956515056
469,krr,sigma,71.0,normal_lambda,1,7.107966580466694
470,krr,sigma,71.0,cv_lambda,0.1,6.62230796016399
471,krr,sigma,72.0,normal_lambda,1,7.111759176817584
472,krr,sigma,72.0,cv_lambda,0.1,6.626652141510001
473,krr,sigma,73.0,normal_lambda,1,7.1154248388462795
474,krr,sigma,73.0,cv_lambda,0.1,6.631099360503294
475,krr,sigma,74.0,normal_lambda,1,7.1189687742258005
476,krr,sigma,74.0,cv_lambda,0.1,6.635640869040387
477,krr,sigma,75.0,normal_lambda,1,7.122395952962774
478,krr,sigma,75.0,cv_lambda,0.1,6.640268303045135
479,krr,sigma,76.0,normal_lambda,1,7.1257111180246975
480,krr,sigma,76.0,cv_lambda,0.1,6.644973673958674
481,krr,sigma,77.0,normal_lambda,1,7.128918795661861
482,krr,sigma,77.0,cv_lambda,0.1,6.649749359731559
483,krr,sigma,78.0,normal_lambda,1,7.132023305397838
484,krr,sigma,78.0,cv_lambda,0.1,6.654588095404531
485,krr,sigma,79.0,normal_lambda,1,7.135028769670895
486,krr,sigma,79.0,cv_lambda,0.1,6.659482963356546
487,krr,sigma,80.0,normal_lambda,1,7.137939123114991
488,krr,sigma,80.0,cv_lambda,0.1,6.664427383292474
489,krr,sigma,81.0,normal_lambda,1,7.140758121474654
490,krr,sigma,81.0,cv_lambda,0.1,6.6694151020356545
491,krr,sigma,82.0,normal_lambda,1,7.143489350152171
492,krr,sigma,82.0,cv_lambda,0.1,6.674440183185884
493,krr,sigma,83.0,normal_lambda,1,7.146136232389337
494,krr,sigma,83.0,cv_lambda,0.1,6.679496996696597
495,krr,sigma,84.0,normal_lambda,1,7.148702037088361
496,krr,sigma,84.0,cv_lambda,0.1,6.684580208420163
497,krr,sigma,85.0,normal_lambda,1,7.151189886279081
498,krr,sigma,85.0,cv_lambda,0.1,6.689684769664809
499,krr,sigma,86.0,normal_lambda,1,7.153602762241098
500,krr,sigma,86.0,cv_lambda,0.1,6.694805906803636
501,krr,sigma,87.0,normal_lambda,1,7.1559435142906835
502,krr,sigma,87.0,cv_lambda,0.1,6.699939110969278
503,krr,sigma,88.0,normal_lambda,1,7.158214865243346
504,krr,sigma,88.0,cv_lambda,0.1,6.7050801278655525
505,krr,sigma,89.0,normal_lambda,1,7.160419417563546
506,krr,sigma,89.0,cv_lambda,0.1,6.710224947723639
507,krr,sigma,90.0,normal_lambda,1,7.162559659213329
508,krr,sigma,90.0,cv_lambda,0.1,6.7153697954254055
509,krr,sigma,91.0,normal_lambda,1,7.164637969212035
510,krr,sigma,91.0,cv_lambda,0.1,6.720511120814885
511,krr,sigma,92.0,normal_lambda,1,7.166656622919215
512,krr,sigma,92.0,cv_lambda,0.1,6.725645589214856
513,krr,sigma,93.0,normal_lambda,1,7.168617797052846
514,krr,sigma,93.0,cv_lambda,0.1,6.730770072163046
515,krr,sigma,94.0,normal_lambda,1,7.170523574454752
516,krr,sigma,94.0,cv_lambda,0.1,6.735881638380172
517,krr,sigma,95.0,normal_lambda,1,7.172375948615043
518,krr,sigma,95.0,cv_lambda,0.1,6.740977544979693
519,krr,sigma,96.0,normal_lambda,1,7.174176827966882
520,krr,sigma,96.0,cv_lambda,0.1,6.7460552289254
521,krr,sigma,97.0,normal_lambda,1,7.175928039962809
522,krr,sigma,97.0,cv_lambda,0.1,6.751112298745556
523,krr,sigma,98.0,normal_lambda,1,7.177631334943239
524,krr,sigma,98.0,cv_lambda,0.1,6.756146526504139
525,krr,sigma,99.0,normal_lambda,1,7.179288389807582
526,krr,sigma,99.0,cv_lambda,0.1,6.761155840034207
527,svr,sigma,0.01,normal_lambda,1,30.320928095133002
528,svr,sigma,0.01,cv_lambda,0.1,19.821848301900506
529,svr,sigma,0.02,normal_lambda,1,28.409889817105256
530,svr,sigma,0.02,cv_lambda,0.1,19.719258564948163
531,svr,sigma,0.03,normal_lambda,1,28.39994288440277
532,svr,sigma,0.03,cv_lambda,0.1,19.6579566823096
533,svr,sigma,0.04,normal_lambda,1,28.39349278918259
534,svr,sigma,0.04,cv_lambda,0.1,19.620829858439457
535,svr,sigma,0.05,normal_lambda,1,28.38711510446015
536,svr,sigma,0.05,cv_lambda,0.1,19.585457317053613
537,svr,sigma,0.06,normal_lambda,1,28.378671169931206
538,svr,sigma,0.06,cv_lambda,0.1,19.539208321283343
539,svr,sigma,0.07,normal_lambda,1,28.367254304035935
540,svr,sigma,0.07,cv_lambda,0.1,19.47821581266691
541,svr,sigma,0.08,normal_lambda,1,28.35237914551978
542,svr,sigma,0.08,cv_lambda,0.1,19.401946067914466
543,svr,sigma,0.09,normal_lambda,1,28.33401348439762
544,svr,sigma,0.09,cv_lambda,0.1,19.31211206394337
545,svr,sigma,0.1,normal_lambda,1,28.31359304087105
546,svr,sigma,0.1,cv_lambda,0.1,19.2145324182727
547,svr,sigma,0.11,normal_lambda,1,28.293634156892615
548,svr,sigma,0.11,cv_lambda,0.1,19.120528752274165
549,svr,sigma,0.12,normal_lambda,1,28.27782968781733
550,svr,sigma,0.12,cv_lambda,0.1,19.043676104771265
551,svr,sigma,0.13,normal_lambda,1,28.2694364836344
552,svr,sigma,0.13,cv_lambda,0.1,18.983138496271263
553,svr,sigma,0.14,normal_lambda,1,28.27085443103733
554,svr,sigma,0.14,cv_lambda,0.1,18.95778585159984
555,svr,sigma,0.15,normal_lambda,1,28.28534921335718
556,svr,sigma,0.15,cv_lambda,0.1,18.98092577164322
557,svr,sigma,0.16,normal_lambda,1,28.314809642882334
558,svr,sigma,0.16,cv_lambda,0.1,19.066219281730397
559,svr,sigma,0.17,normal_lambda,1,28.35347775319669
560,svr,sigma,0.17,cv_lambda,0.1,19.22663986617681
561,svr,sigma,0.18,normal_lambda,1,28.402943582693634
562,svr,sigma,0.18,cv_lambda,0.1,19.473468345155506
563,svr,sigma,0.19,normal_lambda,1,28.462785431047546
564,svr,sigma,0.19,cv_lambda,1,28.462785431047546
565,svr,sigma,0.2,normal_lambda,1,28.532298112520472
566,svr,sigma,0.2,cv_lambda,10,29.33169295066703
567,svr,sigma,0.21,normal_lambda,1,28.609948649464705
568,svr,sigma,0.21,cv_lambda,10000,29.39781678737824
569,svr,sigma,0.22,normal_lambda,1,28.694911775973047
570,svr,sigma,0.22,cv_lambda,10000,29.39783207207192
571,svr,sigma,0.23,normal_lambda,1,28.785376755927302
572,svr,sigma,0.23,cv_lambda,10000,29.39784874607583
573,svr,sigma,0.24,normal_lambda,1,28.88099103820873
574,svr,sigma,0.24,cv_lambda,10000,29.39786669123909
575,svr,sigma,0.25,normal_lambda,1,28.98067481227928
576,svr,sigma,0.25,cv_lambda,10000,29.397885788211877
577,svr,sigma,0.26,normal_lambda,1,29.081725284359386
578,svr,sigma,0.26,cv_lambda,10000,29.397905961403897
579,svr,sigma,0.27,normal_lambda,1,29.180396183750844
580,svr,sigma,0.27,cv_lambda,10000,29.397927967611402
581,svr,sigma,0.28,normal_lambda,1,29.27788010577667
582,svr,sigma,0.28,cv_lambda,10000,29.39794998650217
583,svr,sigma,0.29,normal_lambda,1,29.3735812550677
584,svr,sigma,0.29,cv_lambda,10000,29.39797282263646
585,svr,sigma,0.3,normal_lambda,1,29.467744998236967
586,svr,sigma,0.3,cv_lambda,10000,29.397996390497738
587,svr,sigma,0.31,normal_lambda,1,29.561952221602148
588,svr,sigma,0.31,cv_lambda,10000,29.398020615180958
589,svr,sigma,0.32,normal_lambda,1,29.670062357901408
590,svr,sigma,0.32,cv_lambda,10000,29.398045421223475
591,svr,sigma,0.33,normal_lambda,1,29.785777676491676
592,svr,sigma,0.33,cv_lambda,10000,29.39807073883696
593,svr,sigma,0.34,normal_lambda,1,29.89905402030405
594,svr,sigma,0.34,cv_lambda,10000,29.398096495404015
595,svr,sigma,0.35000000000000003,normal_lambda,1,30.00945820740289
596,svr,sigma,0.35000000000000003,cv_lambda,10000,29.398122611374575
597,svr,sigma,0.36,normal_lambda,1,30.12120073438284
598,svr,sigma,0.36,cv_lambda,10000,29.39814903043811
599,svr,sigma,0.37,normal_lambda,1,30.242776475333173
600,svr,sigma,0.37,cv_lambda,10000,29.398175703413187
601,svr,sigma,0.38,normal_lambda,1,30.368485987987615
602,svr,sigma,0.38,cv_lambda,10000,29.398202561394456
603,svr,sigma,0.39,normal_lambda,1,30.506492174900018
604,svr,sigma,0.39,cv_lambda,10000,29.398229545553324
605,svr,sigma,0.4,normal_lambda,1,30.622845275512812
606,svr,sigma,0.4,cv_lambda,10000,29.398256473678806
607,svr,sigma,0.41000000000000003,normal_lambda,1,30.714665725831956
608,svr,sigma,0.41000000000000003,cv_lambda,10000,29.398283482263814
609,svr,sigma,0.42,normal_lambda,1,30.80474281146135
610,svr,sigma,0.42,cv_lambda,10000,29.39831045279086
611,svr,sigma,0.43,normal_lambda,1,30.892325005130353
612,svr,sigma,0.43,cv_lambda,10000,29.398337342161568
613,svr,sigma,0.44,normal_lambda,1,30.976750963426998
614,svr,sigma,0.44,cv_lambda,10000,29.39836411077565
615,svr,sigma,0.45,normal_lambda,1,31.057670379311265
616,svr,sigma,0.45,cv_lambda,10000,29.398390724444948
617,svr,sigma,0.46,normal_lambda,1,31.1363726130165
618,svr,sigma,0.46,cv_lambda,10000,29.398417152606765
619,svr,sigma,0.47000000000000003,normal_lambda,1,31.21253049483088
620,svr,sigma,0.47000000000000003,cv_lambda,10000,29.39844336862755
621,svr,sigma,0.48,normal_lambda,1,31.28620995900836
622,svr,sigma,0.48,cv_lambda,10000,29.398469349426925
623,svr,sigma,0.49,normal_lambda,1,31.357641163437485
624,svr,sigma,0.49,cv_lambda,10000,29.398495075864638
625,svr,sigma,0.5,normal_lambda,1,31.426770156055237
626,svr,sigma,0.5,cv_lambda,10000,29.398520531969183
627,svr,sigma,0.51,normal_lambda,1,31.49258856622294
628,svr,sigma,0.51,cv_lambda,10000,29.398545704456694
629,svr,sigma,0.52,normal_lambda,1,31.55616096737869
630,svr,sigma,0.52,cv_lambda,10000,29.398570582696784
631,svr,sigma,0.53,normal_lambda,1,31.618175439057264
632,svr,sigma,0.53,cv_lambda,10000,29.39859515847526
633,svr,sigma,0.54,normal_lambda,1,31.67838450688133
634,svr,sigma,0.54,cv_lambda,10000,29.39861942581413
635,svr,sigma,0.55,normal_lambda,1,31.735816293647492
636,svr,sigma,0.55,cv_lambda,10000,29.398643380727524
637,svr,sigma,0.56,normal_lambda,1,31.791045434333096
638,svr,sigma,0.56,cv_lambda,10000,29.398667020970294
639,svr,sigma,0.5700000000000001,normal_lambda,1,31.84438807924627
640,svr,sigma,0.5700000000000001,cv_lambda,10000,29.398690345883313
641,svr,sigma,0.58,normal_lambda,1,31.896106363753685
642,svr,sigma,0.58,cv_lambda,10000,29.398713356196378
643,svr,sigma,0.59,normal_lambda,1,31.94708670157306
644,svr,sigma,0.59,cv_lambda,10000,29.398736053839173
645,svr,sigma,0.6,normal_lambda,1,31.996541087839205
646,svr,sigma,0.6,cv_lambda,10000,29.398758441782416
647,svr,sigma,0.61,normal_lambda,1,32.04565009489142
648,svr,sigma,0.61,cv_lambda,10000,29.398780523753235
649,svr,sigma,0.62,normal_lambda,1,32.09379542500772
650,svr,sigma,0.62,cv_lambda,10000,29.398802304732992
651,svr,sigma,0.63,normal_lambda,1,32.139545597931665
652,svr,sigma,0.63,cv_lambda,10000,29.398823789631408
653,svr,sigma,0.64,normal_lambda,1,32.18341851226531
654,svr,sigma,0.64,cv_lambda,10000,29.398844984091276
655,svr,sigma,0.65,normal_lambda,1,32.21682083437564
656,svr,sigma,0.65,cv_lambda,10000,29.398865893901814
657,svr,sigma,0.66,normal_lambda,1,32.23809832063345
658,svr,sigma,0.66,cv_lambda,10000,29.398886677979238
659,svr,sigma,0.67,normal_lambda,1,32.25752650126817
660,svr,sigma,0.67,cv_lambda,10000,29.398906999849366
661,svr,sigma,0.68,normal_lambda,1,32.27583095698802
662,svr,sigma,0.68,cv_lambda,10000,29.398927033365627
663,svr,sigma,0.6900000000000001,normal_lambda,1,32.29265461341099
664,svr,sigma,0.6900000000000001,cv_lambda,10000,29.398946863342843
665,svr,sigma,0.7000000000000001,normal_lambda,1,32.308042415215574
666,svr,sigma,0.7000000000000001,cv_lambda,10000,29.398966438439178
667,svr,sigma,0.71,normal_lambda,1,32.322529314283166
668,svr,sigma,0.71,cv_lambda,10000,29.3989858012636
669,svr,sigma,0.72,normal_lambda,1,32.336483324510766
670,svr,sigma,0.72,cv_lambda,10000,29.399004920542254
671,svr,sigma,0.73,normal_lambda,1,32.35105118198127
672,svr,sigma,0.73,cv_lambda,10000,29.399023794481494
673,svr,sigma,0.74,normal_lambda,1,32.365863529767196
674,svr,sigma,0.74,cv_lambda,10000,29.39904243504648
675,svr,sigma,0.75,normal_lambda,1,32.38272311859789
676,svr,sigma,0.75,cv_lambda,10000,29.39906088339431
677,svr,sigma,0.76,normal_lambda,1,32.42266232684242
678,svr,sigma,0.76,cv_lambda,10000,29.399079122603773
679,svr,sigma,0.77,normal_lambda,1,32.46278955512719
680,svr,sigma,0.77,cv_lambda,10000,29.399097184346903
681,svr,sigma,0.78,normal_lambda,1,32.50070384135392
682,svr,sigma,0.78,cv_lambda,10000,29.39911502094011
683,svr,sigma,0.79,normal_lambda,1,32.534331954422385
684,svr,sigma,0.79,cv_lambda,10000,29.399132657249147
685,svr,sigma,0.8,normal_lambda,1,32.56570649743559
686,svr,sigma,0.8,cv_lambda,10000,29.399150101096506
687,svr,sigma,0.81,normal_lambda,1,32.59408736170436
688,svr,sigma,0.81,cv_lambda,10000,29.399167372802225
689,svr,sigma,0.8200000000000001,normal_lambda,1,32.622198468142436
690,svr,sigma,0.8200000000000001,cv_lambda,10000,29.399184478971957
691,svr,sigma,0.8300000000000001,normal_lambda,1,32.65188319469274
692,svr,sigma,0.8300000000000001,cv_lambda,10000,29.399201410412907
693,svr,sigma,0.84,normal_lambda,1,32.68359287196291
694,svr,sigma,0.84,cv_lambda,10000,29.39921817228459
695,svr,sigma,0.85,normal_lambda,1,32.73104551450225
696,svr,sigma,0.85,cv_lambda,10000,29.399234769871335
697,svr,sigma,0.86,normal_lambda,1,32.77928906034045
698,svr,sigma,0.86,cv_lambda,10000,29.39925123017669
699,svr,sigma,0.87,normal_lambda,1,32.82688828338304
700,svr,sigma,0.87,cv_lambda,10000,29.39926753839236
701,svr,sigma,0.88,normal_lambda,1,32.87155370652639
702,svr,sigma,0.88,cv_lambda,10000,29.399283678692946
703,svr,sigma,0.89,normal_lambda,1,32.91389770897619
704,svr,sigma,0.89,cv_lambda,10000,29.3992996602841
705,svr,sigma,0.9,normal_lambda,1,32.95317716281786
706,svr,sigma,0.9,cv_lambda,10000,29.39931548925134
707,svr,sigma,0.91,normal_lambda,1,32.99073568470121
708,svr,sigma,0.91,cv_lambda,10000,29.399331168568818
709,svr,sigma,0.92,normal_lambda,1,33.02654828024238
710,svr,sigma,0.92,cv_lambda,10000,29.399346700575382
711,svr,sigma,0.93,normal_lambda,1,33.06069517770476
712,svr,sigma,0.93,cv_lambda,10000,29.399362087120746
713,svr,sigma,0.9400000000000001,normal_lambda,1,33.09316121976493
714,svr,sigma,0.9400000000000001,cv_lambda,10000,29.399377329625374
715,svr,sigma,0.9500000000000001,normal_lambda,1,33.12407420681793
716,svr,sigma,0.9500000000000001,cv_lambda,10000,29.39939244910686
717,svr,sigma,0.96,normal_lambda,1,33.15377772752044
718,svr,sigma,0.96,cv_lambda,10000,29.39940742223091
719,svr,sigma,0.97,normal_lambda,1,33.1820132910971
720,svr,sigma,0.97,cv_lambda,10000,29.39942225878045
721,svr,sigma,0.98,normal_lambda,1,33.2103938127007
722,svr,sigma,0.98,cv_lambda,10000,29.399436659256924
723,svr,sigma,0.99,normal_lambda,1,33.23806593278044
724,svr,sigma,0.99,cv_lambda,10000,29.399451191955436
